D01||Sahas Tech Inc.||Gampaha||Hello World ||Hello@tech.com
D02||DSII Inc.||Galle||Sarah Sari||sarah@dsi.com
D03||Keellls||Colombo 03||Hima Jay||hima@keells.com
D04||Boomer Suppliers||Naranwala||Randy Acher||achala@boomer.com
D05||Malsta Corp||Dematagoda||Harry Jay||Harry@melsta.com
D06||Rajay Lanka Ltd.||Gampaha||Nara Navod||Nara@ranjay.com
D07||Cergills||Kandy||Dave Perera||dave@cargills.com
